1,aargh
2,abaca
3,abaci
4,aback
5,abaft
6,abase
7,abash
8,abate
9,abbey
10,abbot
11,abeam
12,abend
13,abets
14,abhor
15,abide
16,abled
17,abler
18,abode
19,abort
20,about
21,above
22,absit
23,abuse
24,abuts
25,abuzz
26,abyss
27,ached
28,aches
29,achoo
30,acids
31,acing
32,acked
33,acmes
34,acned
35,acnes
36,acorn
37,acres
38,acrid
39,acted
40,actin
41,actor
42,acute
43,adage
44,adapt
45,added
46,adder
47,addle
48,adept
49,adieu
50,adios
51,adlib
52,adman
53,admen
54,admit
55,admix
56,adobe
57,adopt
58,adore
59,adorn
60,adult
61,adzes
62,aegis
63,aerie
64,affix
65,afire
66,afoot
67,afore
68,afoul
69,after
70,again
71,agape
72,agars
73,agate
74,agave
75,agent
76,agile
77,aging
78,agley
79,aglow
80,agone
81,agony
82,agora
83,agree
84,agues
85,ahead
86,ahhhh
87,ahold
88,ahoys
89,aided
90,aider
91,aides
92,ailed
93,aimed
94,aimer
95,aioli
96,aired
97,airer
98,aisle
99,aitch
100,ajuga
101,alack
102,alarm
103,album
104,alder
105,aleck
106,aleph
107,alert
108,algae
109,algal
110,algin
111,alias
112,alibi
113,alien
114,align
115,alike
116,alive
117,alkyd
118,alkyl
119,allay
120,alley
121,allot
122,allow
123,alloy
124,aloes
125,aloft
126,aloha
127,alone
128,along
129,aloof
130,aloud
131,alpha
132,altar
133,alter
134,altho
135,altos
136,alums
137,alway
138,amahs
139,amass
140,amaze
141,amber
142,ambit
143,amble
144,ameba
145,amend
146,amens
147,amide
148,amigo
149,amine
150,amino
151,amiss
152,amity
153,ammos
154,among
155,amour
156,amped
157,ample
158,amply
159,amuck
160,amuse
161,amyls
162,anded
163,anent
164,angel
165,anger
166,angle
167,angry
168,angst
169,anile
170,anima
171,anion
172,anise
173,ankhs
174,ankle
175,annas
176,annex
177,annoy
178,annul
179,annum
180,anode
181,anole
182,anted
183,antes
184,antic
185,antis
186,antsy
187,anvil
188,aorta
189,apace
190,apart
191,apers
192,aphid
193,aphis
194,apian
195,aping
196,apish
197,apnea
198,aport
199,apple
200,apply
201,apron
202,apses
203,apsos
204,aptly
205,aquae
206,aquas
207,arbor
208,arced
209,ardor
210,areal
211,areas
212,arena
213,argon
214,argot
215,argue
216,arias
217,arise
218,arity
219,armed
220,armor
221,aroma
222,arose
223,arras
224,array
225,arrow
226,arses
227,arson
228,artsy
229,arums
230,asana
231,ascot
232,ashen
233,ashes
234,aside
235,asked
236,asker
237,askew
238,aspen
239,aspic
240,assai
241,assay
242,assed
243,asses
244,asset
245,aster
246,astir
247,astro
248,atilt
249,atlas
250,atoll
251,atoms
252,atone
253,atria
254,attar
255,attic
256,audio
257,audit
258,auger
259,aught
260,augur
261,aunts
262,aurae
263,aural
264,auras
265,auric
266,autos
267,avail
268,avant
269,avast
270,avers
271,avert
272,avian
273,avoid
274,avows
275,await
276,awake
277,award
278,aware
279,awash
280,aways
281,awful
282,awing
283,awoke
284,axels
285,axial
286,axing
287,axiom
288,axled
289,axles
290,axman
291,axmen
292,axons
293,ayins
294,azine
295,azoic
296,azure
297,babel
298,babes
299,backs
300,bacon
301,baddy
302,badge
303,badly
304,bagel
305,baggy
306,bahts
307,bails
308,bairn
309,baits
310,baize
311,baked
312,baker
313,bakes
314,balds
315,baldy
316,baled
317,baler
318,bales
319,balks
320,balky
321,balls
322,bally
323,balms
324,balmy
325,balsa
326,banal
327,bands
328,bandy
329,banes
330,bangs
331,banjo
332,banks
333,banns
334,barbs
335,bards
336,bared
337,barer
338,bares
339,barfs
340,barfy
341,barge
342,baric
343,barks
344,barky
345,barms
346,barmy
347,barns
348,baron
349,basal
350,based
351,baser
352,bases
353,basic
354,basil
355,basin
356,basis
357,basks
358,bassi
359,basso
360,baste
361,batch
362,bated
363,bates
364,bathe
365,baths
366,batik
367,baton
368,batty
369,bauds
370,baulk
371,bawdy
372,bawls
373,bayed
374,bayou
375,bazar
376,beach
377,beads
378,beady
379,beaks
380,beaky
381,beams
382,beamy
383,beano
384,beans
385,beard
386,bears
387,beast
388,beats
389,beaus
390,beaut
391,beaux
392,bebop
393,bebug
394,becks
395,bedew
396,bedim
397,beech
398,beefs
399,beefy
400,beeps
401,beers
402,beery
403,beets
404,befit
405,befog
406,began
407,begat
408,beget
409,begin
410,begot
411,begun
412,beige
413,being
414,belay
415,belch
416,belie
417,belle
418,belli
419,bells
420,belly
421,below
422,belts
423,bench
424,bends
425,bents
426,beret
427,bergs
428,berms
429,berry
430,berth
431,beryl
432,beset
433,besot
434,bests
435,betas
436,betel
437,beths
438,bevel
439,bezel
440,bhang
441,bhoys
442,bibbs
443,bible
444,biddy
445,bided
446,bider
447,bides
448,bidet
449,biers
450,biffs
451,biffy
452,biggy
453,bight
454,bigly
455,bigot
456,biked
457,biker
458,bikes
459,biles
460,bilge
461,bilgy
462,bilks
463,bills
464,billy
465,bimbo
466,binds
467,binge
468,bingo
469,biome
470,biped
471,bipod
472,birch
473,birds
474,birth
475,bison
476,bitch
477,biter
478,bites
479,bitsy
480,bitty
481,blabs
482,black
483,blade
484,blahs
485,blame
486,bland
487,blank
488,blare
489,blash
490,blast
491,blats
492,blaze
493,bleak
494,blear
495,bleat
496,blebs
497,bleed
498,blend
499,bless
500,blest
501,blimp
502,blind
503,blini
504,blink
505,blips
506,bliss
507,blitz
508,bloat
509,blobs
510,block
511,blocs
512,bloke
513,blond
514,blood
515,bloom
516,blots
517,blown
518,blows
519,blowy
520,blued
521,bluer
522,blues
523,bluff
524,blunt
525,blurb
526,blurs
527,blurt
528,blush
529,board
530,boars
531,boast
532,boats
533,bobby
534,bocce
535,bocci
536,bocks
537,boded
538,bodes
539,bodge
540,boffo
541,boffs
542,bogey
543,boggy
544,bogie
545,bogus
546,boils
547,bolas
548,bolls
549,bolos
550,bolts
551,bombe
552,bombs
553,bonds
554,boned
555,boner
556,bones
557,bongo
558,bongs
559,bonks
560,bonne
561,bonny
562,bonus
563,boobs
564,booby
565,booed
566,books
567,booky
568,booms
569,boomy
570,boons
571,boors
572,boost
573,booth
574,boots
575,booty
576,booze
577,boozy
578,borax
579,bored
580,borer
581,bores
582,boric
583,borne
584,boron
585,bosky
586,bosom
587,boson
588,bossa
589,bossy
590,bosun
591,botch
592,bough
593,boule
594,bound
595,bouts
596,bowed
597,bowel
598,bower
599,bowie
600,bowls
601,boxed
602,boxer
603,boxes
604,bozos
605,brace
606,brack
607,bract
608,brads
609,braes
610,brags
611,braid
612,brain
613,brake
614,brand
615,brans
616,brant
617,brash
618,brass
619,brats
620,brava
621,brave
622,bravo
623,brawl
624,brawn
625,brays
626,braze
627,bread
628,break
629,bream
630,breed
631,brent
632,breve
633,brews
634,briar
635,bribe
636,brick
637,bride
638,brief
639,brier
640,bries
641,brigs
642,brims
643,brine
644,bring
645,brink
646,briny
647,brisk
648,broad
649,broil
650,broke
651,bromo
652,bronc
653,bronx
654,brood
655,brook
656,broom
657,broth
658,brown
659,brows
660,bruin
661,bruit
662,brung
663,brunt
664,brush
665,brusk
666,brute
667,bubba
668,bucks
669,buddy
670,budge
671,buena
672,bueno
673,buffa
674,buffo
675,buffs
676,buggy
677,bugle
678,build
679,built
680,bulbs
681,bulge
682,bulgy
683,bulks
684,bulky
685,bulls
686,bully
687,bumph
688,bumps
689,bumpy
690,bunch
691,bunco
692,bunds
693,bungs
694,bunko
695,bunks
696,bunny
697,bunts
698,buoys
699,buret
700,burgs
701,burls
702,burly
703,burns
704,burnt
705,burps
706,burro
707,burrs
708,burry
709,burst
710,busby
711,bused
712,buses
713,bushy
714,busks
715,busts
716,busty
717,butch
718,butte
719,butts
720,butyl
721,buxom
722,buyer
723,buzzy
724,bwana
725,bylaw
726,byres
727,bytes
728,byway
729,cabal
730,cabby
731,cabin
732,cable
733,cacao
734,cache
735,cacti
736,caddy
737,cadet
738,cadge
739,cadre
740,cafes
741,caged
742,cager
743,cages
744,cagey
745,cairn
746,caked
747,cakes
748,calix
749,calks
750,calla
751,calls
752,calms
753,calve
754,calyx
755,camel
756,cameo
757,campo
758,camps
759,campy
760,canal
761,candy
762,caned
763,caner
764,canes
765,canna
766,canny
767,canoe
768,canon
769,canst
770,canto
771,cants
772,caped
773,caper
774,capes
775,capon
776,capos
777,carat
778,cards
779,cared
780,carer
781,cares
782,caret
783,cargo
784,carne
785,carny
786,carob
787,carol
788,carom
789,caron
790,carps
791,carpy
792,carry
793,carte
794,carts
795,carve
796,casas
797,cased
798,cases
799,casks
800,caste
801,casts
802,casus
803,catch
804,cater
805,catty
806,caulk
807,cauls
808,cause
809,caved
810,caves
811,cavil
812,cawed
813,cease
814,cedar
815,ceded
816,ceder
817,cedes
818,ceils
819,celeb
820,cello
821,cells
822,cento
823,cents
824,chafe
825,chaff
826,chain
827,chair
828,chalk
829,champ
830,chant
831,chaos
832,chaps
833,chard
834,charm
835,chars
836,chart
837,chary
838,chase
839,chasm
840,chats
841,chaws
842,cheap
843,cheat
844,check
845,cheek
846,cheep
847,cheer
848,chefs
849,chert
850,chess
851,chest
852,chews
853,chewy
854,chick
855,chide
856,chief
857,chiff
858,child
859,chile
860,chili
861,chill
862,chime
863,chimp
864,china
865,chine
866,chink
867,chino
868,chins
869,chips
870,chirp
871,chits
872,chive
873,chock
874,choir
875,choke
876,chomp
877,choos
878,chops
879,chord
880,chore
881,chose
882,chows
883,chuck
884,chuff
885,chugs
886,chump
887,chums
888,chunk
889,churl
890,churn
891,chute
892,cider
893,cigar
894,cilia
895,cills
896,cinch
897,circa
898,cirri
899,cited
900,cites
901,civet
902,civic
903,civil
904,civvy
905,clack
906,clads
907,claim
908,clamp
909,clams
910,clang
911,clank
912,clans
913,claps
914,clash
915,clasp
916,class
917,clave
918,claws
919,clays
920,clean
921,clear
922,cleat
923,clefs
924,cleft
925,clerk
926,clews
927,click
928,cliff
929,climb
930,clime
931,cling
932,clink
933,clips
934,cloak
935,clock
936,clods
937,clogs
938,clomp
939,clone
940,clops
941,close
942,cloth
943,clots
944,cloud
945,clout
946,clove
947,clown
948,cloys
949,clubs
950,cluck
951,clued
952,clues
953,clump
954,clung
955,clunk
956,coach
957,coals
958,coast
959,coati
960,coats
961,cobra
962,cocas
963,cocci
964,cocks
965,cocky
966,cocoa
967,cocos
968,codas
969,coded
970,coder
971,codes
972,codex
973,codon
974,coeds
975,cohos
976,coifs
977,coils
978,coins
979,coked
980,cokes
981,colas
982,colds
983,colic
984,colon
985,color
986,colts
987,comas
988,combo
989,combs
990,comer
991,comes
992,comet
993,comfy
994,comic
995,comma
996,comps
997,conch
998,condo
999,coned
1000,cones
1001,coney
1002,conga
1003,conic
1004,conks
1005,cooch
1006,cooed
1007,cooks
1008,cooky
1009,cools
1010,coons
1011,coops
1012,coots
1013,coped
1014,coper
1015,copes
1016,copra
1017,copse
1018,coqui
1019,coral
1020,cords
1021,cordy
1022,cored
1023,corer
1024,cores
1025,corgi
1026,corks
1027,corky
1028,corms
1029,corns
1030,cornu
1031,corny
1032,corps
1033,coset
1034,costa
1035,costs
1036,cotes
1037,cotta
1038,couch
1039,cough
1040,could
1041,count
1042,coupe
1043,coups
1044,court
1045,couth
1046,coven
1047,cover
1048,coves
1049,covet
1050,covey
1051,cowed
1052,cower
1053,cowls
1054,cowry
1055,coxed
1056,coxes
1057,coyer
1058,coyly
1059,coypu
1060,cozen
1061,crabs
1062,crack
1063,craft
1064,crags
1065,cramp
1066,crams
1067,crane
1068,crank
1069,craps
1070,crash
1071,crass
1072,crate
1073,crave
1074,crawl
1075,craws
1076,craze
1077,crazy
1078,creak
1079,cream
1080,credo
1081,creed
1082,creek
1083,creel
1084,creep
1085,creme
1086,crepe
1087,crept
1088,cress
1089,crest
1090,crews
1091,cribs
1092,crick
1093,cried
1094,crier
1095,cries
1096,crime
1097,crimp
1098,crink
1099,crisp
1100,crits
1101,croak
1102,crock
1103,crocs
1104,croft
1105,crone
1106,crony
1107,crook
1108,croon
1109,crops
1110,cross
1111,croup
1112,crowd
1113,crown
1114,crows
1115,crude
1116,cruds
1117,cruel
1118,cruet
1119,cruft
1120,crumb
1121,crump
1122,cruse
1123,crush
1124,crust
1125,crypt
1126,cubby
1127,cubed
1128,cuber
1129,cubes
1130,cubic
1131,cubit
1132,cuffs
1133,cuing
1134,cukes
1135,culls
1136,culpa
1137,cults
1138,cumin
1139,cunts
1140,cupid
1141,cuppa
1142,cuppy
1143,curbs
1144,curds
1145,curdy
1146,cured
1147,curer
1148,cures
1149,curia
1150,curie
1151,curio
1152,curls
1153,curly
1154,curry
1155,curse
1156,curve
1157,curvy
1158,cushy
1159,cusps
1160,cuspy
1161,cuter
1162,cutie
1163,cutup
1164,cycad
1165,cycle
1166,cynic
1167,cysts
1168,czars
1169,dacha
1170,daddy
1171,dados
1172,daffy
1173,daily
1174,dairy
1175,daisy
1176,dales
1177,dally
1178,dames
1179,damns
1180,damps
1181,dance
1182,dandy
1183,dared
1184,darer
1185,dares
1186,darks
1187,darky
1188,darns
1189,darts
1190,dashy
1191,dated
1192,dater
1193,dates
1194,datum
1195,daubs
1196,daunt
1197,davit
1198,dawns
1199,dazed
1200,dazes
1201,deads
1202,deals
1203,dealt
1204,deans
1205,dears
1206,deary
1207,death
1208,debar
1209,debit
1210,debts
1211,debug
1212,debut
1213,decaf
1214,decal
1215,decay
1216,decks
1217,decor
1218,decoy
1219,decry
1220,deeds
1221,deems
1222,deeps
1223,defer
1224,defog
1225,defun
1226,degas
1227,degum
1228,deice
1229,deify
1230,deign
1231,deism
1232,deist
1233,deity
1234,delay
1235,delft
1236,delis
1237,dells
1238,delta
1239,delve
1240,demit
1241,demon
1242,demos
1243,demur
1244,denim
1245,dense
1246,dents
1247,depot
1248,depth
1249,deque
1250,derby
1251,desex
1252,desks
1253,deter
1254,deuce
1255,devil
1256,dewed
1257,dewey
1258,dhows
1259,dials
1260,diary
1261,diazo
1262,diced
1263,dicer
1264,dices
1265,dicey
1266,dicks
1267,dicky
1268,dicot
1269,dicta
1270,dictu
1271,dicut
1272,diddy
1273,didos
1274,didot
1275,didst
1276,diems
1277,diest
1278,dieth
1279,diets
1280,digit
1281,diked
1282,dikes
1283,dildo
1284,dills
1285,dilly
1286,dimer
1287,dimes
1288,dimly
1289,dinar
1290,dined
1291,diner
1292,dines
1293,dingo
1294,dings
1295,dingy
1296,dinks
1297,dinky
1298,dints
1299,diode
1300,dippy
1301,dipso
1302,direr
1303,dirge
1304,dirks
1305,dirts
1306,dirty
1307,disco
1308,discs
1309,dishy
1310,disks
1311,ditch
1312,ditto
1313,ditty
1314,divan
1315,divas
1316,dived
1317,diver
1318,dives
1319,divot
1320,divvy
1321,dixit
1322,dizzy
1323,djinn
1324,docks
1325,dodge
1326,dodgy
1327,dodos
1328,doers
1329,doest
1330,doeth
1331,doffs
1332,doges
1333,doggo
1334,doggy
1335,dogie
1336,dogma
1337,doily
1338,doing
1339,dolce
1340,doled
1341,doles
1342,dolls
1343,dolly
1344,dolor
1345,dolts
1346,domed
1347,domes
1348,donee
1349,donna
1350,donor
1351,donut
1352,dooms
1353,doors
1354,doozy
1355,doped
1356,doper
1357,dopes
1358,dopey
1359,dorks
1360,dorky
1361,dorms
1362,dosed
1363,doser
1364,doses
1365,doted
1366,doter
1367,dotes
1368,dotty
1369,doubt
1370,dough
1371,douse
1372,doves
1373,dovey
1374,dowdy
1375,dowel
1376,dower
1377,downs
1378,downy
1379,dowry
1380,dowse
1381,doxie
1382,doyen
1383,dozed
1384,dozen
1385,dozer
1386,dozes
1387,drabs
1388,draft
1389,drags
1390,drain
1391,drake
1392,drama
1393,drams
1394,drank
1395,drape
1396,drawl
1397,drawn
1398,draws
1399,drays
1400,dread
1401,dream
1402,drear
1403,dreck
1404,dregs
1405,dress
1406,dribs
1407,dried
1408,drier
1409,dries
1410,drift
1411,drill
1412,drily
1413,drink
1414,drips
1415,drive
1416,droid
1417,droll
1418,drone
1419,drool
1420,droop
1421,drops
1422,dross
1423,drove
1424,drown
1425,drubs
1426,drugs
1427,druid
1428,drums
1429,drunk
1430,dryad
1431,dryer
1432,dryly
1433,duals
1434,ducal
1435,ducat
1436,duces
1437,duchy
1438,ducks
1439,ducky
1440,ducts
1441,duddy
1442,dudes
1443,duels
1444,duets
1445,duffs
1446,dukes
1447,dulls
1448,dully
1449,dulse
1450,dummy
1451,dumps
1452,dumpy
1453,dunce
1454,dunes
1455,dungs
1456,dungy
1457,dunks
1458,dunno
1459,duomo
1460,duped
1461,duper
1462,dupes
1463,duple
1464,durst
1465,dusks
1466,dusky
1467,dusts
1468,dusty
1469,dutch
1470,duvet
1471,dwarf
1472,dweeb
1473,dwell
1474,dwelt
1475,dyads
1476,dyers
1477,dying
1478,dykes
1479,dynes
1480,eager
1481,eagle
1482,eared
1483,earls
1484,early
1485,earns
1486,earth
1487,eased
1488,easel
1489,eases
1490,easts
1491,eaten
1492,eater
1493,eaves
1494,ebbed
1495,ebony
1496,echos
1497,eclat
1498,edema
1499,edged
1500,edger
1501,edges
1502,edict
1503,edify
1504,edits
1505,educe
1506,eerie
1507,egads
1508,egged
1509,egger
1510,egret
1511,eider
1512,eight
1513,eject
1514,eking
1515,eland
1516,elans
1517,elate
1518,elbow
1519,elder
1520,elect
1521,elegy
1522,elfin
1523,elide
1524,elite
1525,elope
1526,elude
1527,elves
1528,email
1529,embed
1530,ember
1531,emcee
1532,emend
1533,emery
1534,emirs
1535,emits
1536,emote
1537,empty
1538,enact
1539,ended
1540,ender
1541,endow
1542,endue
1543,enema
1544,enemy
1545,enjoy
1546,ennui
1547,enrol
1548,ensue
1549,enter
1550,entry
1551,envoi
1552,envoy
1553,epact
1554,epees
1555,ephah
1556,ephod
1557,epics
1558,epoch
1559,epoxy
1560,epsom
1561,equal
1562,equip
1563,erase
1564,erect
1565,erode
1566,erred
1567,error
1568,eruct
1569,erupt
1570,essay
1571,esses
1572,ester
1573,estop
1574,etext
1575,ether
1576,ethic
1577,ethos
1578,ethyl
1579,etude
1580,evade
1581,evens
1582,event
1583,every
1584,evict
1585,evils
1586,evoke
1587,exact
1588,exalt
1589,exams
1590,excel
1591,excon
1592,exeat
1593,execs
1594,exert
1595,exile
1596,exist
1597,exits
1598,expat
1599,expel
1600,expos
1601,extol
1602,extra
1603,exude
1604,exult
1605,exurb
1606,eyers
1607,eying
1608,eyrie
1609,fable
1610,faced
1611,facer
1612,faces
1613,facet
1614,facie
1615,facto
1616,facts
1617,faddy
1618,faded
1619,fader
1620,fades
1621,faery
1622,fagot
1623,fails
1624,faint
1625,faire
1626,fairs
1627,fairy
1628,faith
1629,faked
1630,faker
1631,fakes
1632,fakir
1633,falls
1634,famed
1635,fames
1636,fancy
1637,fangs
1638,fanin
1639,fanny
1640,farad
1641,farce
1642,fared
1643,fares
1644,farms
1645,farts
1646,fasts
1647,fatal
1648,fated
1649,fates
1650,fatly
1651,fatso
1652,fatty
1653,fatwa
1654,fault
1655,fauna
1656,fauns
1657,favor
1658,fawns
1659,fawny
1660,faxed
1661,faxer
1662,faxes
1663,fazed
1664,fazes
1665,fears
1666,feast
1667,feats
1668,fecal
1669,feces
1670,feeds
1671,feels
1672,feign
1673,feint
1674,feist
1675,fella
1676,fells
1677,felon
1678,felts
1679,femme
1680,femur
1681,fence
1682,fends
1683,fenny
1684,feral
1685,fermi
1686,ferns
1687,ferny
1688,ferry
1689,fetal
1690,fetch
1691,feted
1692,fetes
1693,fetid
1694,fetor
1695,fetus
1696,feuar
1697,feuds
1698,feued
1699,fever
1700,fewer
1701,fiats
1702,fiber
1703,fibre
1704,fiche
1705,fichu
1706,fiefs
1707,field
1708,fiend
1709,fiery
1710,fifes
1711,fifth
1712,fifty
1713,fight
1714,filar
1715,filch
1716,filed
1717,filer
1718,files
1719,filet
1720,fills
1721,filly
1722,films
1723,filmy
1724,filth
1725,final
1726,finch
1727,finds
1728,fined
1729,finer
1730,fines
1731,finif
1732,finis
1733,finks
1734,finny
1735,fiord
1736,fired
1737,firer
1738,fires
1739,firma
1740,firms
1741,first
1742,firth
1743,fishy
1744,fists
1745,fisty
1746,fitly
1747,fiver
1748,fives
1749,fixed
1750,fixer
1751,fixes
1752,fixit
1753,fizzy
1754,fjord
1755,flabs
1756,flack
1757,flags
1758,flail
1759,flair
1760,flake
1761,flaks
1762,flaky
1763,flame
1764,flams
1765,flank
1766,flaps
1767,flare
1768,flash
1769,flask
1770,flats
1771,flaws
1772,flays
1773,fleas
1774,fleck
1775,flees
1776,fleet
1777,flesh
1778,flick
1779,flics
1780,flied
1781,flier
1782,flies
1783,fling
1784,flint
1785,flips
1786,flirt
1787,flits
1788,float
1789,flock
1790,floes
1791,flogs
1792,flood
1793,floor
1794,flops
1795,flora
1796,floss
1797,flour
1798,flout
1799,flown
1800,flows
1801,flubs
1802,flues
1803,fluff
1804,fluid
1805,fluke
1806,fluky
1807,flume
1808,flung
1809,flunk
1810,flush
1811,flute
1812,flyby
1813,flyer
1814,foals
1815,foams
1816,foamy
1817,focal
1818,focus
1819,fogey
1820,foggy
1821,foils
1822,foist
1823,folds
1824,folia
1825,folic
1826,folio
1827,folks
1828,folky
1829,folly
1830,fondu
1831,fonts
1832,foods
1833,fools
1834,foots
1835,foray
1836,force
1837,fords
1838,fores
1839,forge
1840,forgo
1841,forks
1842,forky
1843,forma
1844,forms
1845,forte
1846,forth
1847,forts
1848,forty
1849,forum
1850,fossa
1851,fosse
1852,fouls
1853,found
1854,fount
1855,fours
1856,fovea
1857,fowls
1858,foxed
1859,foxes
1860,foyer
1861,frail
1862,frame
1863,franc
1864,frank
1865,frats
1866,fraud
1867,frays
1868,freak
1869,freed
1870,freer
1871,frees
1872,fresh
1873,frets
1874,friar
1875,fried
1876,frier
1877,fries
1878,frigs
1879,frill
1880,frisk
1881,frizz
1882,frock
1883,frogs
1884,frond
1885,front
1886,frosh
1887,frost
1888,froth
1889,frown
1890,froze
1891,fruit
1892,frump
1893,fryer
1894,ftped
1895,fucks
1896,fudge
1897,fudgy
1898,fuels
1899,fugal
1900,fugit
1901,fugue
1902,fulls
1903,fully
1904,fumed
1905,fumer
1906,fumes
1907,funds
1908,fungi
1909,fungo
1910,funks
1911,funky
1912,funny
1913,furls
1914,furor
1915,furry
1916,furze
1917,fused
1918,fusee
1919,fuses
1920,fussy
1921,fusty
1922,futon
1923,fuzed
1924,fuzes
1925,fuzzy
1926,gabby
1927,gable
1928,gaffe
1929,gaffs
1930,gages
1931,gaily
1932,gains
1933,gaits
1934,galas
1935,gales
1936,galls
1937,gamba
1938,gamed
1939,gamer
1940,games
1941,gamey
1942,gamic
1943,gamin
1944,gamma
1945,gamut
1946,ganef
1947,gangs
1948,gaols
1949,gaped
1950,gaper
1951,gapes
1952,gappy
1953,garbs
1954,garde
1955,gases
1956,gasps
1957,gassy
1958,gated
1959,gates
1960,gator
1961,gaudy
1962,gauge
1963,gaunt
1964,gauss
1965,gauze
1966,gauzy
1967,gavel
1968,gawks
1969,gawky
1970,gayer
1971,gayly
1972,gazed
1973,gazer
1974,gazes
1975,gears
1976,gecko
1977,geeks
1978,geese
1979,gelds
1980,genes
1981,genet
1982,genie
1983,genii
1984,genre
1985,gents
1986,genus
1987,geode
1988,geoid
1989,germs
1990,gesso
1991,getup
1992,ghost
1993,ghoti
1994,ghoul
1995,giant
1996,gibed
1997,giber
1998,gibes
1999,giddy
2000,gifts
2001,gigas
2002,gigue
2003,gilds
2004,gills
2005,gilts
2006,gimel
2007,gimme
2008,gimps
2009,gimpy
2010,ginny
2011,gipsy
2012,girds
2013,girls
2014,girly
2015,giros
2016,girth
2017,girts
2018,gismo
2019,gists
2020,given
2021,giver
2022,gives
2023,gizmo
2024,glade
2025,glads
2026,gland
2027,glans
2028,glare
2029,glary
2030,glass
2031,glaze
2032,gleam
2033,glean
2034,glebe
2035,glees
2036,glens
2037,glide
2038,glint
2039,glitz
2040,gloat
2041,globe
2042,globs
2043,gloms
2044,gloom
2045,glory
2046,gloss
2047,glove
2048,glows
2049,glued
2050,gluer
2051,glues
2052,gluey
2053,gluon
2054,gluts
2055,glyph
2056,gnarl
2057,gnash
2058,gnats
2059,gnaws
2060,gnome
2061,goads
2062,goals
2063,goats
2064,godly
2065,goers
2066,goest
2067,goeth
2068,gofer
2069,going
2070,golds
2071,golem
2072,golfs
2073,golly
2074,gonad
2075,goner
2076,gongs
2077,gonna
2078,gonzo
2079,goods
2080,goody
2081,gooey
2082,goofs
2083,goofy
2084,gooks
2085,gooky
2086,goons
2087,goony
2088,goopy
2089,goose
2090,goosy
2091,gored
2092,gores
2093,gorge
2094,gorse
2095,goths
2096,gotta
2097,gouda
2098,gouge
2099,gourd
2100,gouts
2101,gouty
2102,gowns
2103,goyim
2104,grabs
2105,grace
2106,grade
2107,grads
2108,graft
2109,grail
2110,grain
2111,grams
2112,grand
2113,grant
2114,grape
2115,graph
2116,grapy
2117,grasp
2118,grass
2119,grata
2120,grate
2121,grave
2122,gravy
2123,grays
2124,graze
2125,great
2126,grebe
2127,greed
2128,greek
2129,green
2130,greet
2131,greps
2132,greys
2133,grids
2134,grief
2135,grift
2136,grill
2137,grime
2138,grimy
2139,grind
2140,grins
2141,gripe
2142,grips
2143,grist
2144,grits
2145,groan
2146,groat
2147,grody
2148,grogs
2149,groin
2150,groks
2151,gronk
2152,grook
2153,groom
2154,grope
2155,gross
2156,group
2157,grout
2158,grove
2159,growl
2160,grown
2161,grows
2162,grubs
2163,gruel
2164,gruff
2165,grump
2166,grunt
2167,guano
2168,guard
2169,guava
2170,guess
2171,guest
2172,guide
2173,guild
2174,guile
2175,guilt
2176,guise
2177,gulag
2178,gulch
2179,gules
2180,gulfs
2181,gulls
2182,gully
2183,gulps
2184,gumbo
2185,gummy
2186,gunks
2187,gunky
2188,gunny
2189,guppy
2190,gurus
2191,gushy
2192,gusto
2193,gusts
2194,gusty
2195,gutsy
2196,gutta
2197,gutty
2198,guyed
2199,gwine
2200,gyppy
2201,gypsy
2202,gyros
2203,gyved
2204,gyves
2205,habit
2206,hacks
2207,hadda
2208,hades
2209,hadst
2210,hafta
2211,hafts
2212,haiku
2213,hails
2214,hairs
2215,hairy
2216,haled
2217,haler
2218,hales
2219,hallo
2220,halls
2221,halma
2222,halos
2223,halts
2224,halve
2225,hames
2226,hammy
2227,hamza
2228,hands
2229,handy
2230,hangs
2231,hanks
2232,hanky
2233,hapax
2234,haply
2235,happy
2236,hardy
2237,harem
2238,hares
2239,harks
2240,harms
2241,harps
2242,harpy
2243,harry
2244,harsh
2245,harts
2246,harum
2247,hasps
2248,haste
2249,hasty
2250,hatch
2251,hated
2252,hater
2253,hates
2254,hauls
2255,haunt
2256,haute
2257,haven
2258,haves
2259,havoc
2260,hawed
2261,hawks
2262,hayed
2263,hayer
2264,hayey
2265,hazed
2266,hazel
2267,hazer
2268,hazes
2269,heads
2270,heady
2271,heals
2272,heaps
2273,heard
2274,hears
2275,heart
2276,heath
2277,heats
2278,heave
2279,heavy
2280,hedge
2281,heeds
2282,heels
2283,heerd
2284,hefts
2285,hefty
2286,heigh
2287,heirs
2288,heist
2289,helix
2290,hello
2291,hells
2292,helms
2293,helps
2294,hemps
2295,hempy
2296,hence
2297,henge
2298,henna
2299,henry
2300,herbs
2301,herby
2302,herds
2303,herem
2304,heres
2305,heron
2306,heros
2307,hertz
2308,hewed
2309,hewer
2310,hexad
2311,hexed
2312,hexer
2313,hexes
2314,hicks
2315,hider
2316,hides
2317,highs
2318,hiked
2319,hiker
2320,hikes
2321,hilar
2322,hills
2323,hilly
2324,hilts
2325,hilum
2326,himbo
2327,hinds
2328,hinge
2329,hints
2330,hippo
2331,hippy
2332,hired
2333,hirer
2334,hires
2335,hitch
2336,hived
2337,hiver
2338,hives
2339,hoagy
2340,hoard
2341,hoars
2342,hoary
2343,hobby
2344,hobos
2345,hocks
2346,hocus
2347,hodad
2348,hoers
2349,hogan
2350,hoist
2351,hokey
2352,hokum
2353,holds
2354,holed
2355,holer
2356,holes
2357,holey
2358,holly
2359,holon
2360,homed
2361,homer
2362,homes
2363,homey
2364,homme
2365,homos
2366,honed
2367,honer
2368,hones
2369,honey
2370,honks
2371,honky
2372,honor
2373,hooch
2374,hoods
2375,hooey
2376,hoofs
2377,hooks
2378,hooky
2379,hoops
2380,hoots
2381,hoped
2382,hoper
2383,hopes
2384,hoppy
2385,horde
2386,horns
2387,horny
2388,horse
2389,horsy
2390,hosed
2391,hoses
2392,hosts
2393,hotel
2394,hotly
2395,hound
2396,houri
2397,hours
2398,house
2399,hovel
2400,hover
2401,howdy
2402,howls
2403,hubba
2404,hubby
2405,huffs
2406,huffy
2407,huger
2408,hulas
2409,hulks
2410,hulky
2411,hullo
2412,hulls
2413,human
2414,humid
2415,humor
2416,humpf
2417,humph
2418,humps
2419,humpy
2420,humus
2421,hunch
2422,hunks
2423,hunky
2424,hunts
2425,hurls
2426,hurly
2427,hurry
2428,hurts
2429,husks
2430,husky
2431,hussy
2432,hutch
2433,huzza
2434,hydra
2435,hydro
2436,hyena
2437,hying
2438,hymen
2439,hymns
2440,hyped
2441,hyper
2442,hypes
2443,hypos
2444,iambs
2445,icers
2446,ichor
2447,icier
2448,icily
2449,icing
2450,icons
2451,ideal
2452,ideas
2453,idiom
2454,idiot
2455,idled
2456,idler
2457,idles
2458,idols
2459,idyll
2460,idyls
2461,igloo
2462,ikats
2463,ikons
2464,ileum
2465,ileus
2466,iliac
2467,ilium
2468,image
2469,imago
2470,imams
2471,imbed
2472,imbue
2473,immix
2474,impel
2475,imply
2476,impro
2477,inane
2478,inapt
2479,incur
2480,index
2481,indie
2482,inept
2483,inert
2484,infer
2485,infix
2486,infra
2487,ingot
2488,injun
2489,inked
2490,inker
2491,inlay
2492,inlet
2493,inner
2494,inode
2495,input
2496,inset
2497,inter
2498,intra
2499,intro
2500,inure
2501,ioctl
2502,iodic
2503,ionic
2504,iotas
2505,irate
2506,irked
2507,irons
2508,irony
2509,isles
2510,islet
2511,issue
2512,itchy
2513,items
2514,ivied
2515,ivies
2516,ivory
2517,ixnay
2518,jacks
2519,jaded
2520,jades
2521,jaggy
2522,jails
2523,jakes
2524,jambs
2525,jammy
2526,janes
2527,japan
2528,jaunt
2529,jawed
2530,jazzy
2531,jeans
2532,jeeps
2533,jeers
2534,jello
2535,jells
2536,jelly
2537,jenny
2538,jerks
2539,jerky
2540,jerry
2541,jests
2542,jetty
2543,jewel
2544,jibed
2545,jiber
2546,jibes
2547,jiffs
2548,jiffy
2549,jihad
2550,jilts
2551,jimmy
2552,jingo
2553,jings
2554,jinks
2555,jinns
2556,jived
2557,jives
2558,jocks
2559,joeys
2560,johns
2561,joins
2562,joint
2563,joist
2564,joked
2565,joker
2566,jokes
2567,jolly
2568,jolts
2569,joule
2570,joust
2571,jowls
2572,jowly
2573,joyed
2574,judge
2575,judos
2576,juice
2577,juicy
2578,jujus
2579,jukes
2580,julep
2581,jumbo
2582,jumps
2583,jumpy
2584,junco
2585,junks
2586,junky
2587,junta
2588,juror
2589,juste
2590,jutes
2591,kabob
2592,kaiak
2593,kales
2594,kapok
2595,kappa
2596,kaput
2597,karat
2598,karma
2599,kayak
2600,kayos
2601,kazoo
2602,kebab
2603,kebob
2604,keels
2605,keens
2606,keeps
2607,kefir
2608,kelly
2609,kelps
2610,kelpy
2611,kenaf
2612,kepis
2613,kerbs
2614,kerfs
2615,kerns
2616,ketch
2617,keyed
2618,keyer
2619,khaki
2620,khans
2621,kicks
2622,kicky
2623,kiddo
2624,kikes
2625,kills
2626,kilns
2627,kilos
2628,kilts
2629,kilty
2630,kinda
2631,kinds
2632,kings
2633,kinks
2634,kinky
2635,kiosk
2636,kirks
2637,kited
2638,kites
2639,kiths
2640,kitty
2641,kivas
2642,kiwis
2643,klieg
2644,kluge
2645,klugy
2646,klunk
2647,klutz
2648,knack
2649,knave
2650,knead
2651,kneed
2652,kneel
2653,knees
2654,knell
2655,knelt
2656,knife
2657,knish
2658,knits
2659,knobs
2660,knock
2661,knoll
2662,knops
2663,knots
2664,knout
2665,known
2666,knows
2667,knurl
2668,koala
2669,koine
2670,kooks
2671,kooky
2672,kopek
2673,kraal
2674,kraut
2675,krill
2676,krona
2677,krone
2678,kudos
2679,kudzu
2680,kulak
2681,kyrie
2682,label
2683,labia
2684,labor
2685,laced
2686,lacer
2687,laces
2688,lacey
2689,lacks
2690,laded
2691,laden
2692,lades
2693,ladle
2694,lager
2695,laird
2696,lairs
2697,laity
2698,laker
2699,lakes
2700,lamas
2701,lambs
2702,lamed
2703,lamer
2704,lames
2705,lamps
2706,lanai
2707,lance
2708,lands
2709,lanes
2710,lanky
2711,lapel
2712,lapin
2713,lapis
2714,lapse
2715,larch
2716,lards
2717,lardy
2718,large
2719,largo
2720,larks
2721,larva
2722,lased
2723,laser
2724,lases
2725,lasso
2726,lasts
2727,latch
2728,later
2729,latex
2730,lathe
2731,laths
2732,latin
2733,latus
2734,laude
2735,lauds
2736,laugh
2737,lavas
2738,laved
2739,laver
2740,laves
2741,lawns
2742,lawny
2743,lawzy
2744,laxer
2745,laxly
2746,layer
2747,layup
2748,lazed
2749,lazes
2750,leach
2751,leads
2752,leafs
2753,leafy
2754,leaks
2755,leaky
2756,leans
2757,leant
2758,leaps
2759,leapt
2760,learn
2761,lease
2762,leash
2763,least
2764,leave
2765,ledge
2766,leech
2767,leeks
2768,leers
2769,leery
2770,lefts
2771,lefty
2772,legal
2773,leggo
2774,leggy
2775,legit
2776,legos
2777,lemma
2778,lemme
2779,lemon
2780,lemur
2781,lends
2782,lento
2783,leper
2784,lepta
2785,letup
2786,levee
2787,level
2788,lever
2789,levis
2790,liars
2791,libel
2792,libra
2793,licit
2794,licks
2795,liege
2796,liens
2797,liers
2798,liest
2799,lieth
2800,lifer
2801,lifts
2802,light
2803,ligne
2804,liked
2805,liken
2806,liker
2807,likes
2808,lilac
2809,lilts
2810,lilty
2811,limbo
2812,limbs
2813,limby
2814,limed
2815,limen
2816,limes
2817,limey
2818,limit
2819,limns
2820,limos
2821,limps
2822,lined
2823,linen
2824,liner
2825,lines
2826,lingo
2827,lings
2828,links
2829,lints
2830,linty
2831,lions
2832,lipid
2833,lippy
2834,liras
2835,lisle
2836,lisps
2837,lists
2838,liter
2839,lites
2840,lithe
2841,litho
2842,litre
2843,lived
2844,liven
2845,liver
2846,lives
2847,livid
2848,livre
2849,llama
2850,loads
2851,loafs
2852,loams
2853,loamy
2854,loans
2855,loath
2856,lobar
2857,lobby
2858,lobed
2859,lobes
2860,local
2861,lochs
2862,locks
2863,locos
2864,locus
2865,lodes
2866,lodge
2867,loess
2868,lofts
2869,lofty
2870,loges
2871,loggy
2872,logic
2873,login
2874,logos
2875,loins
2876,lolls
2877,lolly
2878,loner
2879,longs
2880,looks
2881,looky
2882,looms
2883,loons
2884,loony
2885,loops
2886,loopy
2887,loose
2888,loots
2889,loped
2890,loper
2891,lopes
2892,loppy
2893,lords
2894,lordy
2895,lores
2896,lorry
2897,loser
2898,loses
2899,lossy
2900,lotsa
2901,lotta
2902,lotto
2903,lotus
2904,louis
2905,louse
2906,lousy
2907,louts
2908,loved
2909,lover
2910,loves
2911,lowed
2912,lower
2913,lowly
2914,loxes
2915,loyal
2916,luaus
2917,lubes
2918,lubra
2919,lucid
2920,lucks
2921,lucky
2922,lucre
2923,lulab
2924,lulls
2925,lulus
2926,lumen
2927,lumps
2928,lumpy
2929,lunar
2930,lunch
2931,lunes
2932,lunge
2933,lungs
2934,lupus
2935,lurch
2936,lured
2937,lurer
2938,lures
2939,lurid
2940,lurks
2941,lusts
2942,lusty
2943,luted
2944,lutes
2945,luvya
2946,luxes
2947,lycra
2948,lying
2949,lymph
2950,lynch
2951,lyres
2952,lyric
2953,macaw
2954,maced
2955,macer
2956,maces
2957,macho
2958,macro
2959,madam
2960,madly
2961,mafia
2962,magic
2963,magma
2964,magna
2965,magus
2966,mahua
2967,maids
2968,mails
2969,maims
2970,mains
2971,maize
2972,major
2973,maker
2974,makes
2975,males
2976,malls
2977,malts
2978,malty
2979,mamas
2980,mambo
2981,mamma
2982,mammy
2983,maned
2984,manes
2985,mange
2986,mango
2987,mangy
2988,mania
2989,manic
2990,manly
2991,manna
2992,manor
2993,manse
2994,manta
2995,maple
2996,march
2997,mares
2998,marge
2999,maria
3000,marks
3001,marls
3002,marry
3003,marsh
3004,marts
3005,maser
3006,mashy
3007,masks
3008,mason
3009,masse
3010,masts
3011,match
3012,mated
3013,mater
3014,mates
3015,matey
3016,maths
3017,matte
3018,matzo
3019,mauls
3020,mauve
3021,maven
3022,mavis
3023,maxim
3024,maxis
3025,maybe
3026,mayor
3027,mayst
3028,mazed
3029,mazer
3030,mazes
3031,meads
3032,meals
3033,mealy
3034,means
3035,meant
3036,meany
3037,meats
3038,meaty
3039,mebbe
3040,mecca
3041,mecum
3042,medal
3043,media
3044,medic
3045,meets
3046,melba
3047,melds
3048,melee
3049,melon
3050,melts
3051,memes
3052,memos
3053,mends
3054,menus
3055,meows
3056,mercy
3057,merge
3058,merit
3059,merry
3060,merse
3061,mesas
3062,mesne
3063,meson
3064,messy
3065,metal
3066,meted
3067,meter
3068,metes
3069,metre
3070,metro
3071,mewed
3072,mezzo
3073,miaow
3074,micas
3075,micks
3076,micro
3077,middy
3078,midis
3079,midst
3080,miens
3081,miffs
3082,might
3083,miked
3084,mikes
3085,milch
3086,miler
3087,miles
3088,milks
3089,milky
3090,mills
3091,mimed
3092,mimeo
3093,mimer
3094,mimes
3095,mimic
3096,mimsy
3097,minas
3098,mince
3099,minds
3100,mined
3101,miner
3102,mines
3103,minim
3104,minis
3105,minks
3106,minor
3107,mints
3108,minus
3109,mired
3110,mires
3111,mirth
3112,miser
3113,missy
3114,mists
3115,misty
3116,miter
3117,mites
3118,mitre
3119,mitts
3120,mixed
3121,mixer
3122,mixes
3123,mixup
3124,moans
3125,moats
3126,mocha
3127,mocks
3128,modal
3129,model
3130,modem
3131,modes
3132,modus
3133,mogul
3134,mohel
3135,moire
3136,moist
3137,molal
3138,molar
3139,molas
3140,molds
3141,moldy
3142,moles
3143,molls
3144,molly
3145,molto
3146,molts
3147,momma
3148,mommy
3149,monad
3150,mondo
3151,money
3152,monic
3153,monks
3154,monte
3155,month
3156,mooch
3157,moods
3158,moody
3159,mooed
3160,moola
3161,moons
3162,moony
3163,moors
3164,moose
3165,moots
3166,moped
3167,moper
3168,mopes
3169,moral
3170,moray
3171,morel
3172,mores
3173,morns
3174,moron
3175,morph
3176,morts
3177,mosey
3178,mossy
3179,mosts
3180,motel
3181,motes
3182,motet
3183,moths
3184,mothy
3185,motif
3186,motor
3187,motto
3188,mould
3189,moult
3190,mound
3191,mount
3192,mourn
3193,mouse
3194,mousy
3195,mouth
3196,moved
3197,mover
3198,moves
3199,movie
3200,mowed
3201,mower
3202,moxie
3203,mrads
3204,mucho
3205,mucks
3206,mucky
3207,mucus
3208,muddy
3209,muffs
3210,mufti
3211,muggy
3212,mujik
3213,mulch
3214,mulct
3215,mules
3216,muley
3217,mulls
3218,mumbo
3219,mummy
3220,mumps
3221,munch
3222,munge
3223,mungs
3224,mungy
3225,muons
3226,mural
3227,murks
3228,murky
3229,mused
3230,muser
3231,muses
3232,mushy
3233,music
3234,musks
3235,musky
3236,musos
3237,mussy
3238,musta
3239,musts
3240,musty
3241,muted
3242,muter
3243,mutes
3244,mutts
3245,muxes
3246,mylar
3247,mynah
3248,mynas
3249,myrrh
3250,myths
3251,nabla
3252,nabob
3253,nacho
3254,nadir
3255,naiad
3256,nails
3257,naive
3258,naked
3259,named
3260,namer
3261,names
3262,nanny
3263,napes
3264,nappy
3265,narco
3266,narcs
3267,nards
3268,nares
3269,nasal
3270,nasty
3271,natal
3272,natch
3273,nates
3274,natty
3275,naval
3276,navel
3277,naves
3278,nears
3279,neath
3280,neato
3281,necks
3282,needs
3283,needy
3284,negro
3285,neigh
3286,neons
3287,nerds
3288,nerdy
3289,nerfs
3290,nerts
3291,nerve
3292,nervy
3293,nests
3294,never
3295,newel
3296,newer
3297,newly
3298,newsy
3299,newts
3300,nexus
3301,nicad
3302,nicer
3303,niche
3304,nicks
3305,niece
3306,nifty
3307,night
3308,nihil
3309,nimbi
3310,nines
3311,ninja
3312,ninny
3313,ninth
3314,nippy
3315,nisei
3316,niter
3317,nitro
3318,nitty
3319,nixed
3320,nixes
3321,nixie
3322,nobby
3323,noble
3324,nobly
3325,nodal
3326,noddy
3327,nodes
3328,noels
3329,nohow
3330,noire
3331,noise
3332,noisy
3333,nomad
3334,nonce
3335,nones
3336,nonny
3337,nooks
3338,nooky
3339,noons
3340,noose
3341,norms
3342,north
3343,nosed
3344,noses
3345,nosey
3346,notch
3347,noted
3348,noter
3349,notes
3350,nouns
3351,novae
3352,novas
3353,novel
3354,noway
3355,nuder
3356,nudes
3357,nudge
3358,nudie
3359,nuked
3360,nukes
3361,nulls
3362,numbs
3363,nurbs
3364,nurse
3365,nutsy
3366,nutty
3367,nylon
3368,nymph
3369,oaken
3370,oakum
3371,oared
3372,oases
3373,oasis
3374,oaten
3375,oaths
3376,obeah
3377,obese
3378,obeys
3379,obits
3380,oboes
3381,occur
3382,ocean
3383,ocher
3384,ochre
3385,octal
3386,octet
3387,odder
3388,oddly
3389,odium
3390,odors
3391,odour
3392,offal
3393,offed
3394,offen
3395,offer
3396,often
3397,ogled
3398,ogler
3399,ogles
3400,ogres
3401,ohhhh
3402,ohmic
3403,oiled
3404,oiler
3405,oinks
3406,oinky
3407,okapi
3408,okays
3409,okras
3410,olden
3411,older
3412,oldie
3413,oleos
3414,olios
3415,olive
3416,ombre
3417,omega
3418,omens
3419,omits
3420,oncet
3421,onion
3422,onset
3423,oodle
3424,oomph
3425,oozed
3426,oozes
3427,opals
3428,opens
3429,opera
3430,opine
3431,opium
3432,opted
3433,optic
3434,orals
3435,orate
3436,orbed
3437,orbit
3438,orcas
3439,order
3440,organ
3441,oring
3442,orlon
3443,ortho
3444,osier
3445,other
3446,otter
3447,ought
3448,ouija
3449,ounce
3450,ousel
3451,ousts
3452,outdo
3453,outen
3454,outer
3455,outgo
3456,outta
3457,ouzel
3458,ovals
3459,ovary
3460,ovate
3461,ovens
3462,overs
3463,overt
3464,ovoid
3465,ovule
3466,owest
3467,oweth
3468,owing
3469,owlet
3470,owned
3471,owner
3472,oxbow
3473,oxeye
3474,oxide
3475,oxlip
3476,ozone
3477,paced
3478,pacer
3479,paces
3480,packs
3481,pacts
3482,paddy
3483,padre
3484,paean
3485,pagan
3486,paged
3487,pager
3488,pages
3489,pails
3490,pains
3491,paint
3492,pairs
3493,paled
3494,paler
3495,pales
3496,palls
3497,pally
3498,palms
3499,palmy
3500,palsy
3501,pampa
3502,panda
3503,paned
3504,panel
3505,panes
3506,panga
3507,pangs
3508,panic
3509,pansy
3510,pants
3511,panty
3512,papal
3513,papas
3514,papaw
3515,paper
3516,pappy
3517,paras
3518,parch
3519,pards
3520,pared
3521,paren
3522,parer
3523,pares
3524,parka
3525,parks
3526,parry
3527,parse
3528,parts
3529,party
3530,pasha
3531,passe
3532,pasta
3533,paste
3534,pasts
3535,pasty
3536,patch
3537,paten
3538,pater
3539,pates
3540,paths
3541,patio
3542,patsy
3543,patty
3544,pause
3545,pavan
3546,paved
3547,paver
3548,paves
3549,pawed
3550,pawer
3551,pawky
3552,pawls
3553,pawns
3554,payed
3555,payee
3556,payer
3557,peace
3558,peach
3559,peaks
3560,peaky
3561,peals
3562,pearl
3563,pears
3564,pease
3565,peats
3566,peaty
3567,pecan
3568,pecks
3569,pedal
3570,peeks
3571,peels
3572,peens
3573,peeps
3574,peers
3575,peeve
3576,pekoe
3577,pelts
3578,penal
3579,pence
3580,pends
3581,penes
3582,pengo
3583,penis
3584,penny
3585,peons
3586,peony
3587,peppy
3588,perch
3589,perdu
3590,peril
3591,perks
3592,perky
3593,perms
3594,pesky
3595,pesos
3596,pesto
3597,pests
3598,petal
3599,peter
3600,petit
3601,petri
3602,petty
3603,pewee
3604,pewit
3605,pffft
3606,phage
3607,phase
3608,phial
3609,phlox
3610,phone
3611,phony
3612,photo
3613,phyla
3614,piano
3615,picas
3616,picks
3617,picky
3618,picot
3619,piece
3620,piers
3621,pieta
3622,piety
3623,piggy
3624,pigmy
3625,piing
3626,piker
3627,pikes
3628,pilaf
3629,pilau
3630,piled
3631,piles
3632,pills
3633,pilot
3634,pimps
3635,pinch
3636,pined
3637,pines
3638,piney
3639,pings
3640,pinko
3641,pinks
3642,pinky
3643,pinto
3644,pints
3645,pinup
3646,pions
3647,pious
3648,piped
3649,piper
3650,pipes
3651,pipet
3652,pique
3653,pismo
3654,pitas
3655,pitch
3656,piths
3657,pithy
3658,piton
3659,pivot
3660,pixel
3661,pixie
3662,pizza
3663,place
3664,plaid
3665,plain
3666,plait
3667,plane
3668,plank
3669,plans
3670,plant
3671,plash
3672,plasm
3673,plate
3674,plats
3675,playa
3676,plays
3677,plaza
3678,plead
3679,pleas
3680,pleat
3681,plebe
3682,plebs
3683,plein
3684,plena
3685,plied
3686,plies
3687,plink
3688,plods
3689,plonk
3690,plops
3691,plots
3692,plows
3693,ploys
3694,pluck
3695,plugs
3696,plumb
3697,plume
3698,plump
3699,plums
3700,plumy
3701,plunk
3702,plush
3703,plyer
3704,poach
3705,pocks
3706,pocky
3707,podgy
3708,podia
3709,poems
3710,poesy
3711,poets
3712,point
3713,poise
3714,poked
3715,poker
3716,pokes
3717,pokey
3718,polar
3719,poled
3720,poler
3721,poles
3722,polio
3723,polis
3724,polka
3725,polls
3726,polly
3727,polos
3728,polyp
3729,pomps
3730,ponds
3731,pones
3732,pooch
3733,pooey
3734,poohs
3735,pools
3736,poops
3737,popes
3738,poppy
3739,porch
3740,pored
3741,pores
3742,porgy
3743,porks
3744,porky
3745,porno
3746,ports
3747,posed
3748,poser
3749,poses
3750,poset
3751,posit
3752,posse
3753,poste
3754,posts
3755,potty
3756,pouch
3757,poufs
3758,pound
3759,pours
3760,pouts
3761,power
3762,poxed
3763,poxes
3764,prams
3765,prank
3766,prate
3767,prats
3768,prawn
3769,prays
3770,preen
3771,preps
3772,press
3773,prest
3774,prexy
3775,preys
3776,price
3777,prick
3778,pride
3779,pried
3780,prier
3781,pries
3782,prigs
3783,prima
3784,prime
3785,primo
3786,primp
3787,prims
3788,prink
3789,print
3790,prior
3791,prise
3792,prism
3793,privy
3794,prize
3795,probe
3796,prods
3797,proem
3798,profs
3799,promo
3800,proms
3801,prone
3802,prong
3803,proof
3804,props
3805,prose
3806,prosy
3807,proud
3808,prove
3809,prowl
3810,prows
3811,proxy
3812,prude
3813,prune
3814,pruta
3815,pryer
3816,psalm
3817,pseud
3818,pshaw
3819,psoas
3820,pssst
3821,psych
3822,pubes
3823,pubic
3824,pubis
3825,pucks
3826,pudgy
3827,puffs
3828,puffy
3829,puked
3830,pukes
3831,pukka
3832,pulls
3833,pulps
3834,pulpy
3835,pulse
3836,pumas
3837,pumps
3838,punch
3839,punks
3840,punky
3841,punny
3842,punts
3843,pupae
3844,pupal
3845,pupas
3846,pupil
3847,puppy
3848,puree
3849,purer
3850,purge
3851,purls
3852,purrs
3853,purse
3854,purty
3855,pushy
3856,pussy
3857,putts
3858,putty
3859,pygmy
3860,pylon
3861,pyres
3862,pyxie
3863,qophs
3864,quack
3865,quads
3866,quaff
3867,quail
3868,quais
3869,quake
3870,qualm
3871,quals
3872,quark
3873,quart
3874,quash
3875,quasi
3876,quays
3877,queen
3878,queer
3879,quell
3880,query
3881,quest
3882,queue
3883,quick
3884,quids
3885,quiet
3886,quiff
3887,quill
3888,quilt
3889,quint
3890,quips
3891,quipu
3892,quire
3893,quirk
3894,quirt
3895,quite
3896,quits
3897,quoin
3898,quoit
3899,quota
3900,quote
3901,quoth
3902,rabbi
3903,rabid
3904,raced
3905,racer
3906,races
3907,racks
3908,radar
3909,radii
3910,radio
3911,radix
3912,radon
3913,rafts
3914,raged
3915,rages
3916,raids
3917,rails
3918,rains
3919,rainy
3920,raise
3921,rajah
3922,rajas
3923,raked
3924,raker
3925,rakes
3926,rally
3927,ramps
3928,ranch
3929,rands
3930,randy
3931,range
3932,rangy
3933,ranks
3934,rants
3935,raped
3936,raper
3937,rapes
3938,rapid
3939,rarer
3940,rasae
3941,rasps
3942,raspy
3943,rated
3944,rater
3945,rates
3946,raths
3947,ratio
3948,ratty
3949,raved
3950,ravel
3951,raven
3952,raver
3953,raves
3954,rawer
3955,rawly
3956,rayed
3957,rayon
3958,razed
3959,razer
3960,razes
3961,razor
3962,reach
3963,react
3964,reads
3965,ready
3966,realm
3967,reals
3968,reams
3969,reaps
3970,rearm
3971,rears
3972,rebar
3973,rebel
3974,rebid
3975,rebox
3976,rebus
3977,rebut
3978,recap
3979,recta
3980,recto
3981,recur
3982,recut
3983,redid
3984,redip
3985,redly
3986,redox
3987,redux
3988,reeds
3989,reedy
3990,reefs
3991,reeks
3992,reeky
3993,reels
3994,reeve
3995,refer
3996,refit
3997,refix
3998,refly
3999,refry
4000,regal
4001,rehab
4002,reify
4003,reign
4004,reins
4005,relax
4006,relay
4007,relet
4008,relic
4009,reman
4010,remap
4011,remit
4012,remix
4013,renal
4014,rends
4015,renew
4016,rente
4017,rents
4018,repay
4019,repel
4020,reply
4021,repro
4022,reran
4023,rerun
4024,resaw
4025,resay
4026,reset
4027,resew
4028,resin
4029,rests
4030,retch
4031,retro
4032,retry
4033,reuse
4034,revel
4035,revet
4036,revue
4037,rewed
4038,rheas
4039,rheum
4040,rhino
4041,rhumb
4042,rhyme
4043,rials
4044,ribby
4045,riced
4046,ricer
4047,rices
4048,rider
4049,rides
4050,ridge
4051,ridgy
4052,rifer
4053,rifle
4054,rifts
4055,right
4056,rigid
4057,rigor
4058,riled
4059,riles
4060,rille
4061,rills
4062,rimed
4063,rimer
4064,rimes
4065,rinds
4066,rings
4067,rinks
4068,rinse
4069,riots
4070,ripen
4071,riper
4072,risen
4073,riser
4074,rises
4075,risks
4076,risky
4077,rites
4078,ritzy
4079,rival
4080,rived
4081,riven
4082,river
4083,rives
4084,rivet
4085,roach
4086,roads
4087,roams
4088,roans
4089,roars
4090,roast
4091,robed
4092,robes
4093,robin
4094,roble
4095,robot
4096,rocks
4097,rocky
4098,rodeo
4099,roger
4100,rogue
4101,roids
4102,roils
4103,roily
4104,roles
4105,rolls
4106,roman
4107,romps
4108,rondo
4109,roods
4110,roofs
4111,rooks
4112,rooky
4113,rooms
4114,roomy
4115,roost
4116,roots
4117,rooty
4118,roped
4119,roper
4120,ropes
4121,roses
4122,rosin
4123,rotor
4124,rouge
4125,rough
4126,round
4127,rouse
4128,roust
4129,route
4130,routs
4131,roved
4132,rover
4133,roves
4134,rowan
4135,rowdy
4136,rowed
4137,rower
4138,royal
4139,rubes
4140,ruble
4141,ruche
4142,ruddy
4143,ruder
4144,ruffs
4145,rugby
4146,ruing
4147,ruins
4148,ruled
4149,ruler
4150,rules
4151,rumba
4152,rumen
4153,rummy
4154,rumor
4155,rumps
4156,runes
4157,rungs
4158,runic
4159,runny
4160,runts
4161,runty
4162,rupee
4163,rural
4164,ruses
4165,rusks
4166,russe
4167,rusts
4168,rusty
4169,rutty
4170,saber
4171,sable
4172,sabra
4173,sabre
4174,sacks
4175,sadly
4176,safer
4177,safes
4178,sagas
4179,sager
4180,sages
4181,sahib
4182,sails
4183,saint
4184,saith
4185,sakes
4186,salad
4187,sales
4188,sally
4189,salon
4190,salsa
4191,salts
4192,salty
4193,salve
4194,salvo
4195,samba
4196,sands
4197,sandy
4198,saner
4199,sappy
4200,saran
4201,sarge
4202,saris
4203,sassy
4204,sated
4205,sates
4206,satin
4207,satyr
4208,sauce
4209,saucy
4210,sauna
4211,saute
4212,saved
4213,saver
4214,saves
4215,savor
4216,savvy
4217,sawed
4218,sawer
4219,saxes
4220,sayer
4221,scabs
4222,scads
4223,scald
4224,scale
4225,scalp
4226,scaly
4227,scamp
4228,scams
4229,scans
4230,scant
4231,scare
4232,scarf
4233,scarp
4234,scars
4235,scary
4236,scats
4237,scene
4238,scent
4239,schmo
4240,schwa
4241,scion
4242,scoff
4243,scold
4244,scone
4245,scoop
4246,scoot
4247,scope
4248,scops
4249,score
4250,scorn
4251,scour
4252,scout
4253,scowl
4254,scows
4255,scram
4256,scrap
4257,screw
4258,scrim
4259,scrip
4260,scrod
4261,scrub
4262,scrum
4263,scuba
4264,scudi
4265,scudo
4266,scuds
4267,scuff
4268,scull
4269,scums
4270,scurf
4271,scuse
4272,scuzz
4273,seals
4274,seams
4275,seamy
4276,sears
4277,seats
4278,sebum
4279,secco
4280,sects
4281,sedan
4282,seder
4283,sedge
4284,sedgy
4285,sedum
4286,seeds
4287,seedy
4288,seeks
4289,seems
4290,seeps
4291,seers
4292,seest
4293,seeth
4294,segue
4295,seine
4296,seize
4297,selah
4298,selfs
4299,sells
4300,semen
4301,semis
4302,sends
4303,sense
4304,sepal
4305,sepia
4306,sepoy
4307,septa
4308,serfs
4309,serge
4310,serif
4311,serum
4312,serve
4313,servo
4314,setup
4315,seven
4316,sever
4317,sewed
4318,sewer
4319,sexed
4320,sexes
4321,shack
4322,shade
4323,shads
4324,shady
4325,shaft
4326,shags
4327,shahs
4328,shake
4329,shako
4330,shaky
4331,shale
4332,shall
4333,shalt
4334,shame
4335,shams
4336,shank
4337,shape
4338,shard
4339,share
4340,shark
4341,sharp
4342,shave
4343,shawl
4344,shawm
4345,shays
4346,sheaf
4347,shear
4348,sheds
4349,sheen
4350,sheep
4351,sheer
4352,sheet
4353,sheik
4354,shelf
4355,shell
4356,sherd
4357,shews
4358,shied
4359,shier
4360,shies
4361,shift
4362,shiki
4363,shill
4364,shims
4365,shine
4366,shins
4367,shiny
4368,ships
4369,shire
4370,shirk
4371,shirr
4372,shirt
4373,shish
4374,shits
4375,shlep
4376,shmoo
4377,shnor
4378,shoal
4379,shoat
4380,shock
4381,shoed
4382,shoer
4383,shoes
4384,shoji
4385,shone
4386,shook
4387,shoos
4388,shoot
4389,shops
4390,shore
4391,shorn
4392,short
4393,shots
4394,shout
4395,shove
4396,shown
4397,shows
4398,showy
4399,shred
4400,shrew
4401,shrub
4402,shrug
4403,shuck
4404,shuns
4405,shunt
4406,shush
4407,shute
4408,shuts
4409,shyer
4410,shyly
4411,sibyl
4412,sicko
4413,sicks
4414,sided
4415,sides
4416,sidle
4417,siege
4418,sieve
4419,sifts
4420,sighs
4421,sight
4422,sigma
4423,signs
4424,silks
4425,silky
4426,sills
4427,silly
4428,silos
4429,silts
4430,silty
4431,since
4432,sines
4433,sinew
4434,singe
4435,sings
4436,sinks
4437,sinus
4438,sired
4439,siree
4440,siren
4441,sires
4442,sirup
4443,sisal
4444,sissy
4445,sitar
4446,sited
4447,sites
4448,situs
4449,sixes
4450,sixth
4451,sixty
4452,sized
4453,sizer
4454,sizes
4455,skate
4456,skeet
4457,skein
4458,skews
4459,skids
4460,skied
4461,skier
4462,skies
4463,skiff
4464,skill
4465,skimp
4466,skims
4467,skins
4468,skint
4469,skips
4470,skirt
4471,skits
4472,skoal
4473,skulk
4474,skull
4475,skunk
4476,skyed
4477,slabs
4478,slack
4479,slags
4480,slain
4481,slake
4482,slams
4483,slang
4484,slant
4485,slaps
4486,slash
4487,slate
4488,slats
4489,slave
4490,slaws
4491,slays
4492,sleds
4493,sleek
4494,sleep
4495,sleet
4496,slept
4497,slews
4498,slice
4499,slick
4500,slide
4501,slier
4502,slily
4503,slime
4504,slims
4505,slimy
4506,sling
4507,slink
4508,slips
4509,slits
4510,slobs
4511,sloes
4512,slogs
4513,slomo
4514,sloop
4515,slope
4516,slops
4517,slosh
4518,sloth
4519,slots
4520,slows
4521,slued
4522,slues
4523,sluff
4524,slugs
4525,slump
4526,slums
4527,slung
4528,slunk
4529,slurp
4530,slurs
4531,slush
4532,sluts
4533,slyer
4534,slyly
4535,smack
4536,small
4537,smart
4538,smash
4539,smear
4540,smell
4541,smelt
4542,smile
4543,smirk
4544,smite
4545,smith
4546,smock
4547,smogs
4548,smoke
4549,smoky
4550,smote
4551,smurf
4552,smuts
4553,snack
4554,snafu
4555,snags
4556,snail
4557,snake
4558,snaky
4559,snaps
4560,snare
4561,snarf
4562,snark
4563,snarl
4564,sneak
4565,sneer
4566,snide
4567,sniff
4568,snipe
4569,snips
4570,snits
4571,snobs
4572,snood
4573,snook
4574,snoop
4575,snoot
4576,snore
4577,snort
4578,snots
4579,snout
4580,snows
4581,snowy
4582,snubs
4583,snuck
4584,snuff
4585,snugs
4586,soaks
4587,soaps
4588,soapy
4589,soars
4590,sober
4591,socko
4592,socks
4593,socle
4594,sodas
4595,sofas
4596,softs
4597,softy
4598,soggy
4599,soils
4600,solar
4601,soled
4602,soles
4603,solid
4604,solon
4605,solos
4606,solum
4607,solve
4608,somas
4609,sonar
4610,songs
4611,sonic
4612,sonly
4613,sonny
4614,sooth
4615,soots
4616,sooty
4617,soppy
4618,sorer
4619,sores
4620,sorry
4621,sorta
4622,sorts
4623,souls
4624,sound
4625,soups
4626,soupy
4627,sours
4628,souse
4629,south
4630,sowed
4631,sower
4632,soyas
4633,space
4634,spacy
4635,spade
4636,spake
4637,spang
4638,spank
4639,spans
4640,spare
4641,spark
4642,spars
4643,spasm
4644,spate
4645,spats
4646,spawn
4647,spays
4648,spazz
4649,speak
4650,spear
4651,speck
4652,specs
4653,speed
4654,spell
4655,spelt
4656,spend
4657,spent
4658,sperm
4659,spews
4660,spice
4661,spics
4662,spicy
4663,spied
4664,spiel
4665,spier
4666,spies
4667,spiff
4668,spike
4669,spiky
4670,spill
4671,spilt
4672,spina
4673,spine
4674,spins
4675,spiny
4676,spire
4677,spite
4678,spits
4679,spitz
4680,spivs
4681,splat
4682,splay
4683,split
4684,spoil
4685,spoke
4686,spoof
4687,spook
4688,spool
4689,spoon
4690,spoor
4691,spore
4692,sport
4693,spots
4694,spout
4695,sprat
4696,spray
4697,spree
4698,sprig
4699,sprit
4700,sprog
4701,sprue
4702,spuds
4703,spued
4704,spume
4705,spumy
4706,spunk
4707,spurn
4708,spurs
4709,spurt
4710,sputa
4711,squab
4712,squad
4713,squat
4714,squaw
4715,squib
4716,squid
4717,stabs
4718,stack
4719,staff
4720,stage
4721,stags
4722,stagy
4723,staid
4724,stain
4725,stair
4726,stake
4727,stale
4728,stalk
4729,stall
4730,stamp
4731,stand
4732,stank
4733,staph
4734,stare
4735,stark
4736,stars
4737,start
4738,stash
4739,state
4740,stats
4741,stave
4742,stays
4743,stead
4744,steak
4745,steal
4746,steam
4747,steed
4748,steel
4749,steep
4750,steer
4751,stein
4752,stela
4753,stele
4754,stems
4755,steno
4756,steps
4757,stern
4758,stets
4759,stews
4760,stick
4761,stied
4762,sties
4763,stiff
4764,stile
4765,still
4766,stilt
4767,sting
4768,stink
4769,stint
4770,stirs
4771,stoae
4772,stoas
4773,stoat
4774,stock
4775,stogy
4776,stoic
4777,stoke
4778,stole
4779,stoma
4780,stomp
4781,stone
4782,stony
4783,stood
4784,stool
4785,stoop
4786,stops
4787,store
4788,stork
4789,storm
4790,story
4791,stoup
4792,stout
4793,stove
4794,stows
4795,strap
4796,straw
4797,stray
4798,strep
4799,strew
4800,strip
4801,strop
4802,strum
4803,strut
4804,stubs
4805,stuck
4806,studs
4807,study
4808,stuff
4809,stump
4810,stung
4811,stunk
4812,stuns
4813,stunt
4814,styes
4815,style
4816,styli
4817,suave
4818,sucks
4819,sudsy
4820,suede
4821,suers
4822,suets
4823,suety
4824,sugar
4825,suing
4826,suite
4827,suits
4828,sulfa
4829,sulks
4830,sulky
4831,sully
4832,sumac
4833,summa
4834,sumps
4835,sunny
4836,sunup
4837,super
4838,supes
4839,supra
4840,suras
4841,surds
4842,surer
4843,surfs
4844,surge
4845,surly
4846,sushi
4847,sutra
4848,swabs
4849,swags
4850,swain
4851,swami
4852,swamp
4853,swank
4854,swans
4855,swaps
4856,sward
4857,sware
4858,swarf
4859,swarm
4860,swart
4861,swash
4862,swath
4863,swats
4864,sways
4865,swear
4866,sweat
4867,swede
4868,sweep
4869,sweet
4870,swell
4871,swept
4872,swift
4873,swigs
4874,swill
4875,swims
4876,swine
4877,swing
4878,swipe
4879,swirl
4880,swish
4881,swiss
4882,swive
4883,swoon
4884,swoop
4885,sword
4886,swore
4887,sworn
4888,swung
4889,sylph
4890,synch
4891,syncs
4892,synod
4893,syrup
4894,tabby
4895,table
4896,taboo
4897,tabor
4898,tabus
4899,tacet
4900,tacit
4901,tacks
4902,tacky
4903,tacos
4904,tacts
4905,taels
4906,taffy
4907,tagua
4908,tails
4909,taint
4910,taken
4911,taker
4912,takes
4913,talcs
4914,tales
4915,talks
4916,talky
4917,tally
4918,talon
4919,talus
4920,tamed
4921,tamer
4922,tames
4923,tamps
4924,tango
4925,tangs
4926,tangy
4927,tanks
4928,tansy
4929,taped
4930,taper
4931,tapes
4932,tapir
4933,tapis
4934,tardy
4935,tared
4936,tares
4937,tarns
4938,taros
4939,tarot
4940,tarps
4941,tarry
4942,tarts
4943,tasks
4944,taste
4945,tasty
4946,tater
4947,tatty
4948,taunt
4949,taupe
4950,tawny
4951,taxed
4952,taxer
4953,taxes
4954,taxis
4955,taxol
4956,taxon
4957,teach
4958,teaks
4959,teals
4960,teams
4961,tears
4962,teary
4963,tease
4964,teats
4965,techs
4966,techy
4967,tecum
4968,teddy
4969,teems
4970,teens
4971,teeny
4972,teeth
4973,telex
4974,tells
4975,telly
4976,tempi
4977,tempo
4978,temps
4979,tempt
4980,tench
4981,tends
4982,tenet
4983,tenon
4984,tenor
4985,tense
4986,tenth
4987,tents
4988,tepee
4989,tepid
4990,terce
4991,terms
4992,terns
4993,terra
4994,terry
4995,terse
4996,tesla
4997,tests
4998,testy
4999,tetra
5000,texas
5001,texts
5002,thane
5003,thank
5004,thanx
5005,thats
5006,thaws
5007,thees
5008,theft
5009,their
5010,theme
5011,thens
5012,there
5013,therm
5014,these
5015,theta
5016,thews
5017,thick
5018,thief
5019,thigh
5020,thine
5021,thing
5022,think
5023,thins
5024,third
5025,thong
5026,thorn
5027,those
5028,thous
5029,three
5030,threw
5031,throb
5032,throe
5033,throw
5034,thrum
5035,thuds
5036,thugs
5037,thumb
5038,thump
5039,thunk
5040,thwap
5041,thyme
5042,tiara
5043,tibia
5044,ticks
5045,tidal
5046,tided
5047,tides
5048,tiers
5049,tiffs
5050,tiger
5051,tight
5052,tikes
5053,tikis
5054,tilde
5055,tiled
5056,tiler
5057,tiles
5058,tills
5059,tilth
5060,tilts
5061,timed
5062,timer
5063,times
5064,timid
5065,tines
5066,tinge
5067,tings
5068,tinny
5069,tints
5070,tippy
5071,tipsy
5072,tired
5073,tires
5074,tiros
5075,titan
5076,titer
5077,tithe
5078,title
5079,titre
5080,titty
5081,tizzy
5082,toads
5083,toady
5084,toast
5085,today
5086,toddy
5087,toffs
5088,toffy
5089,togas
5090,toile
5091,toils
5092,toked
5093,token
5094,toker
5095,tokes
5096,tolls
5097,tombs
5098,tomes
5099,tommy
5100,tonal
5101,toned
5102,toner
5103,tones
5104,tongs
5105,tonic
5106,tools
5107,toons
5108,tooth
5109,toots
5110,topaz
5111,toped
5112,toper
5113,topes
5114,topic
5115,topoi
5116,topos
5117,toque
5118,torah
5119,torch
5120,toric
5121,torsi
5122,torso
5123,torte
5124,torts
5125,torus
5126,total
5127,toted
5128,totem
5129,toter
5130,totes
5131,totty
5132,touch
5133,tough
5134,tours
5135,touts
5136,toves
5137,towed
5138,towel
5139,tower
5140,towns
5141,toxic
5142,toxin
5143,toyed
5144,toyer
5145,toyon
5146,trace
5147,track
5148,tract
5149,trade
5150,trail
5151,train
5152,trait
5153,tramp
5154,trams
5155,trans
5156,traps
5157,trash
5158,trawl
5159,trays
5160,tread
5161,treap
5162,treat
5163,treed
5164,trees
5165,treks
5166,trend
5167,tress
5168,trews
5169,treys
5170,triad
5171,trial
5172,tribe
5173,tribs
5174,trice
5175,trick
5176,tried
5177,trier
5178,tries
5179,trike
5180,trill
5181,trims
5182,trios
5183,tripe
5184,trips
5185,trite
5186,troll
5187,tromp
5188,troop
5189,troth
5190,trots
5191,trout
5192,trove
5193,trows
5194,truce
5195,truck
5196,trued
5197,truer
5198,trues
5199,truly
5200,trump
5201,trunk
5202,truss
5203,trust
5204,truth
5205,tryst
5206,tsars
5207,tuans
5208,tubal
5209,tubas
5210,tubby
5211,tubed
5212,tuber
5213,tubes
5214,tucks
5215,tufas
5216,tufts
5217,tufty
5218,tulip
5219,tulle
5220,tummy
5221,tumor
5222,tunas
5223,tuned
5224,tuner
5225,tunes
5226,tunic
5227,tunny
5228,tuple
5229,turbo
5230,turds
5231,turdy
5232,turfs
5233,turfy
5234,turns
5235,turps
5236,tusks
5237,tusky
5238,tutor
5239,tutti
5240,tutus
5241,tuxes
5242,twain
5243,twang
5244,twats
5245,tweak
5246,tweed
5247,tweet
5248,twerp
5249,twice
5250,twigs
5251,twill
5252,twine
5253,twink
5254,twins
5255,twiny
5256,twirl
5257,twirp
5258,twist
5259,twits
5260,twixt
5261,tying
5262,tykes
5263,typal
5264,typed
5265,types
5266,typos
5267,tyres
5268,tyros
5269,tzars
5270,udder
5271,ukase
5272,ulcer
5273,ulnar
5274,ulnas
5275,ultra
5276,umbel
5277,umber
5278,umbra
5279,umiak
5280,umped
5281,umpty
5282,unapt
5283,unarc
5284,unarm
5285,unary
5286,unate
5287,unban
5288,unbar
5289,unbox
5290,uncap
5291,uncle
5292,uncut
5293,under
5294,undid
5295,undue
5296,unfed
5297,unfit
5298,unfix
5299,unhip
5300,unhit
5301,unify
5302,union
5303,unite
5304,units
5305,unity
5306,unjam
5307,unlit
5308,unman
5309,unmap
5310,unmet
5311,unpeg
5312,unpin
5313,unrig
5314,unsay
5315,unsee
5316,unset
5317,unsew
5318,unsex
5319,untie
5320,until
5321,unwed
5322,unwon
5323,unzip
5324,upend
5325,upped
5326,upper
5327,upset
5328,urban
5329,ureas
5330,urged
5331,urger
5332,urges
5333,urine
5334,usage
5335,users
5336,usher
5337,using
5338,usual
5339,usurp
5340,usury
5341,uteri
5342,utero
5343,utter
5344,uvula
5345,vacua
5346,vacuo
5347,vague
5348,vagus
5349,vails
5350,vales
5351,valet
5352,valid
5353,valor
5354,value
5355,valve
5356,vamps
5357,vaned
5358,vanes
5359,vapes
5360,vapid
5361,vapor
5362,varia
5363,vases
5364,vault
5365,vaunt
5366,veals
5367,veeps
5368,veers
5369,vegan
5370,veils
5371,veins
5372,veiny
5373,velar
5374,velds
5375,veldt
5376,venal
5377,vends
5378,venom
5379,vents
5380,venue
5381,verbs
5382,verge
5383,versa
5384,verse
5385,verso
5386,verst
5387,verve
5388,vests
5389,vetch
5390,vexed
5391,vexes
5392,vials
5393,viand
5394,vibes
5395,vicar
5396,vices
5397,video
5398,viers
5399,views
5400,vigil
5401,vigor
5402,viler
5403,villa
5404,ville
5405,villi
5406,vinca
5407,vined
5408,vines
5409,vinyl
5410,viola
5411,viols
5412,viper
5413,viral
5414,vireo
5415,vires
5416,virus
5417,visas
5418,vised
5419,vises
5420,visit
5421,visor
5422,vista
5423,vitae
5424,vital
5425,vitam
5426,vitas
5427,vitro
5428,vivas
5429,vivid
5430,vivre
5431,vixen
5432,vizor
5433,vocab
5434,vocal
5435,vodka
5436,vogue
5437,voice
5438,voids
5439,voila
5440,voile
5441,volts
5442,vomit
5443,voted
5444,voter
5445,votes
5446,vouch
5447,vowed
5448,vowel
5449,vower
5450,voxel
5451,vroom
5452,vulva
5453,vying
5454,wacko
5455,wacky
5456,waded
5457,wader
5458,wades
5459,wadis
5460,wafer
5461,wafts
5462,waged
5463,wager
5464,wages
5465,wagon
5466,wahoo
5467,waifs
5468,wails
5469,waist
5470,waits
5471,waive
5472,waked
5473,waken
5474,waker
5475,wakes
5476,waled
5477,wales
5478,walks
5479,walls
5480,waltz
5481,wands
5482,waned
5483,wanes
5484,wanly
5485,wanna
5486,wanta
5487,wants
5488,wards
5489,wares
5490,warms
5491,warns
5492,warps
5493,warts
5494,warty
5495,washy
5496,wasps
5497,waspy
5498,wassa
5499,waste
5500,watch
5501,water
5502,watsa
5503,watts
5504,waved
5505,waver
5506,waves
5507,waxed
5508,waxen
5509,waxer
5510,waxes
5511,wazoo
5512,weald
5513,weals
5514,weans
5515,wears
5516,weary
5517,weave
5518,webby
5519,weber
5520,wedge
5521,wedgy
5522,weeds
5523,weedy
5524,weeks
5525,weeny
5526,weeps
5527,weepy
5528,weest
5529,wefts
5530,weigh
5531,weird
5532,weirs
5533,welch
5534,welds
5535,wells
5536,welsh
5537,welts
5538,wench
5539,wends
5540,wests
5541,wetly
5542,whack
5543,whale
5544,whams
5545,whang
5546,wharf
5547,whats
5548,wheal
5549,wheat
5550,wheee
5551,wheel
5552,whelk
5553,whelm
5554,whelp
5555,whens
5556,where
5557,whets
5558,whews
5559,wheys
5560,which
5561,whiff
5562,while
5563,whims
5564,whine
5565,whiny
5566,whips
5567,whipt
5568,whirl
5569,whirr
5570,whirs
5571,whish
5572,whisk
5573,whist
5574,white
5575,whits
5576,whizz
5577,whoas
5578,whole
5579,whomp
5580,whooo
5581,whoop
5582,whops
5583,whore
5584,whorl
5585,whose
5586,whoso
5587,whump
5588,wicks
5589,widen
5590,wider
5591,widow
5592,width
5593,wield
5594,wifey
5595,wilco
5596,wilds
5597,wiled
5598,wiles
5599,wills
5600,wilts
5601,wimps
5602,wimpy
5603,wince
5604,winch
5605,winds
5606,windy
5607,wined
5608,wines
5609,winey
5610,wings
5611,winks
5612,winos
5613,wiped
5614,wiper
5615,wipes
5616,wired
5617,wirer
5618,wires
5619,wised
5620,wiser
5621,wises
5622,wisps
5623,wispy
5624,wists
5625,witch
5626,withs
5627,witty
5628,wives
5629,wizen
5630,woken
5631,wolds
5632,woman
5633,wombs
5634,women
5635,wonks
5636,wonky
5637,wonts
5638,woods
5639,woody
5640,wooed
5641,wooer
5642,woofs
5643,wools
5644,wooly
5645,woosh
5646,woozy
5647,words
5648,wordy
5649,works
5650,world
5651,worms
5652,wormy
5653,worry
5654,worse
5655,worst
5656,worth
5657,worts
5658,would
5659,wound
5660,woven
5661,wowed
5662,wowee
5663,wrack
5664,wraps
5665,wrath
5666,wreak
5667,wreck
5668,wrens
5669,wrest
5670,wrier
5671,wring
5672,wrist
5673,write
5674,writs
5675,wrong
5676,wrote
5677,wroth
5678,wrung
5679,wryer
5680,wryly
5681,wurst
5682,xenon
5683,xerox
5684,xored
5685,xylem
5686,yacht
5687,yahoo
5688,yanks
5689,yards
5690,yarns
5691,yawed
5692,yawls
5693,yawns
5694,yawny
5695,yawps
5696,yearn
5697,years
5698,yeast
5699,yecch
5700,yella
5701,yells
5702,yelps
5703,yenta
5704,yerba
5705,yeses
5706,yield
5707,yikes
5708,yipes
5709,yobbo
5710,yodel
5711,yogas
5712,yogic
5713,yogis
5714,yoked
5715,yokel
5716,yokes
5717,yolks
5718,yolky
5719,yores
5720,young
5721,yourn
5722,yours
5723,youse
5724,youth
5725,yowls
5726,yoyos
5727,yucca
5728,yucky
5729,yukky
5730,yules
5731,yummy
5732,yurts
5733,zappy
5734,zayin
5735,zeals
5736,zebra
5737,zebus
5738,zeros
5739,zests
5740,zesty
5741,zetas
5742,zilch
5743,zincs
5744,zings
5745,zingy
5746,zippy
5747,zloty
5748,zombi
5749,zonal
5750,zoned
5751,zones
5752,zonks
5753,zooey
5754,zooks
5755,zooms
5756,zowie
